student_id,name,major,gpa,standing,completed_courses,preferred_courses
1,Rachel Blanchard,Mathematics,3.42,Suspended,[],[]
2,Marissa Willis,Computer Science,2.98,Suspended,[],[]
3,Lauren Walker,Computer Science,2.54,Suspended,[],[]
4,Edward Chambers,Biology,3.05,Probation,[],[]
5,Mitchell Cohen,Mathematics,3.41,Good,[],[]
6,Brenda Donovan,Computer Science,2.16,Good,[],[]
7,Michael Mason,Finance,2.33,Good,[],[]
8,Kyle Fowler,Computer Science,3.31,Suspended,[],[]
9,Stephen Mccarthy,Computer Science,3.26,Good,[],[]
10,Donna Reed,Biology,3.24,Probation,[],[]
11,Joshua Taylor,Mathematics,2.13,Probation,[],[]
12,Amber Mueller,Mathematics,3.86,Suspended,[],[]
13,Melissa Meadows,Finance,3.5,Suspended,[],[]
14,William Hayes,Biology,3.88,Good,[],[]
15,Melinda Mitchell,Biology,2.51,Probation,[],[]
16,James Watkins,Engineering,2.48,Probation,[],[]
17,Danny Ford,Biology,3.42,Suspended,[],[]
18,Bethany Kelley,Finance,2.09,Good,[],[]
19,Megan Williams,Biology,3.73,Probation,[],[]
20,Nicole Mendez,Engineering,3.62,Suspended,[],[]
21,Teresa Miller,Biology,2.19,Suspended,[],[]
22,Michele Walker,Engineering,3.97,Suspended,[],[]
23,Michele Serrano,Computer Science,2.37,Good,[],[]
24,Paul Miller,Computer Science,2.05,Good,[],[]
25,Rebecca Hester,Finance,2.52,Good,[],[]
26,Shelley Robinson,Biology,3.03,Probation,[],[]
27,Jessica Carr,Biology,3.05,Probation,[],[]
28,Christopher Goodwin,Mathematics,2.13,Good,[],[]
29,Tyler Jackson,Finance,3.21,Probation,[],[]
30,Charles Duran,Finance,2.27,Probation,[],[]
31,Michael Brown,Biology,3.34,Probation,[],[]
32,Alyssa Stanton,Finance,3.26,Suspended,[],[]
33,Alexander Nguyen,Mathematics,3.54,Suspended,[],[]
34,Luke Elliott,Mathematics,3.68,Suspended,[],[]
35,Patricia Lopez,Biology,2.58,Good,[],[]
36,Jeffrey Snyder,Engineering,2.04,Probation,[],[]
37,Lorraine Evans,Finance,2.19,Good,[],[]
38,Samantha Jackson,Mathematics,3.34,Good,[],[]
39,Donald Bowman,Computer Science,3.6,Suspended,[],[]
40,Lisa Hawkins,Mathematics,2.72,Suspended,[],[]
41,Sonya Zhang,Mathematics,3.34,Suspended,[],[]
42,Allison Collins,Mathematics,3.66,Good,[],[]
43,Catherine Cannon,Biology,3.32,Suspended,[],[]
44,Charles Singleton,Biology,2.33,Probation,[],[]
45,Sonya Doyle,Mathematics,2.13,Good,[],[]
46,Suzanne Carter,Mathematics,2.89,Suspended,[],[]
47,Ashley Sharp,Finance,3.92,Probation,[],[]
48,Amanda Mendez,Mathematics,3.88,Probation,[],[]
49,Jessica Miller MD,Computer Science,2.16,Good,[],[]
50,Kimberly Simpson,Biology,2.92,Probation,[],[]
51,Calvin Pope,Engineering,3.45,Suspended,[],[]
52,Rebecca Mendez,Engineering,3.85,Good,[],[]
53,Madeline Armstrong,Biology,2.84,Suspended,[],[]
54,Kristen Tanner,Biology,2.47,Suspended,[],[]
55,Richard Hayes,Biology,2.35,Probation,[],[]
56,Jacob Mason,Biology,3.3,Probation,[],[]
57,Stephen Taylor,Mathematics,3.92,Probation,[],[]
58,Linda Young,Computer Science,3.4,Suspended,[],[]
59,Jessica Brandt,Biology,3.62,Good,[],[]
60,Mary Vargas,Mathematics,3.9,Probation,[],[]
61,Cheryl Henry,Engineering,2.97,Suspended,[],[]
62,Carla Gardner,Finance,3.21,Suspended,[],[]
63,Jimmy Walton,Mathematics,2.48,Suspended,[],[]
64,Tami Orr,Engineering,3.76,Probation,[],[]
65,Debra Morgan,Finance,2.05,Probation,[],[]
66,Nicole Hansen,Biology,2.7,Probation,[],[]
67,Cynthia Rogers,Mathematics,3.53,Good,[],[]
68,Robert Collins,Biology,3.82,Suspended,[],[]
69,Julie Harmon,Engineering,3.02,Good,[],[]
70,Kyle Garcia,Computer Science,3.15,Suspended,[],[]
71,Manuel Thompson,Computer Science,2.15,Probation,[],[]
72,Teresa Jones,Computer Science,3.63,Suspended,[],[]
73,Joe Brown,Engineering,3.85,Probation,[],[]
74,Lisa Adams,Computer Science,2.47,Good,[],[]
75,Andrew Holden,Biology,2.98,Probation,[],[]
76,Janet Hunter,Computer Science,3.03,Probation,[],[]
77,Monica Chan,Mathematics,3.07,Probation,[],[]
78,Kristy Landry,Engineering,2.36,Suspended,[],[]
79,Heather Hughes,Finance,3.22,Suspended,[],[]
80,Keith Butler,Computer Science,3.9,Good,[],[]
81,Joshua Gonzales,Engineering,3.71,Good,[],[]
82,Jasmine Whitehead,Engineering,3.23,Suspended,[],[]
83,Jessica Taylor,Engineering,2.67,Probation,[],[]
84,Anna Rojas,Biology,3.88,Suspended,[],[]
85,Amy Strickland,Computer Science,3.51,Probation,[],[]
86,Samantha Mendez,Engineering,3.51,Probation,[],[]
87,Michael Caldwell,Computer Science,2.83,Good,[],[]
88,John Johnson,Engineering,2.61,Probation,[],[]
89,Joseph Lewis,Biology,2.83,Suspended,[],[]
90,Matthew Gonzalez,Biology,3.0,Suspended,[],[]
91,Stephen Park,Computer Science,2.61,Probation,[],[]
92,Thomas Garrett,Biology,3.38,Probation,[],[]
93,Margaret Hill,Computer Science,2.57,Good,[],[]
94,Dana Woods,Mathematics,2.17,Probation,[],[]
95,Brandon Jackson,Computer Science,3.19,Suspended,[],[]
96,Danielle Sanders DDS,Mathematics,3.81,Good,[],[]
97,Jennifer Barker,Mathematics,3.34,Probation,[],[]
98,Donna Davis,Biology,3.69,Good,[],[]
99,Justin Miles,Engineering,3.41,Good,[],[]
100,Tiffany Proctor,Engineering,3.07,Suspended,[],[]
101,Anthony Herrera,Engineering,3.2,Suspended,[],[]
102,Jacob Carson,Biology,2.49,Good,[],[]
103,Sheila Carroll,Finance,2.8,Good,[],[]
104,John Quinn,Biology,3.61,Probation,[],[]
105,Christopher Hayes,Engineering,2.56,Probation,[],[]
106,Lance Schmidt,Biology,3.27,Probation,[],[]
107,Robert Barker,Mathematics,2.86,Probation,[],[]
108,Gina Wood,Engineering,3.86,Good,[],[]
109,Kimberly Johnson,Computer Science,2.18,Good,[],[]
110,Walter Smith,Computer Science,3.33,Suspended,[],[]
111,Mr. Richard Ellison,Finance,3.86,Suspended,[],[]
112,Andrew Wilson,Finance,2.38,Suspended,[],[]
113,Michael Miller,Computer Science,3.35,Probation,[],[]
114,Eric Jenkins,Mathematics,3.56,Good,[],[]
115,Michael Schultz,Computer Science,3.81,Good,[],[]
116,Jonathan Mcmillan,Computer Science,2.44,Probation,[],[]
117,Andrew Henderson,Engineering,2.86,Suspended,[],[]
118,Sarah Duncan,Biology,3.44,Good,[],[]
119,Sara Grant,Engineering,3.36,Probation,[],[]
120,Danny Fisher,Mathematics,2.05,Suspended,[],[]
121,Michael Schroeder,Mathematics,2.12,Suspended,[],[]
122,Lauren Smith,Finance,2.35,Good,[],[]
123,John Thompson,Mathematics,2.64,Good,[],[]
124,Andrew Lynch,Biology,2.4,Good,[],[]
125,Brandon Myers,Finance,2.71,Suspended,[],[]
126,Jimmy Rosales,Finance,3.0,Suspended,[],[]
127,Bethany Burns,Computer Science,2.7,Suspended,[],[]
128,Omar Forbes,Mathematics,3.37,Probation,[],[]
129,Tyler Cherry,Finance,2.57,Suspended,[],[]
130,Amanda Andrews,Finance,2.29,Good,[],[]
131,Allison Sheppard,Finance,3.99,Suspended,[],[]
132,Eugene Holmes,Finance,2.12,Good,[],[]
133,Mark Brewer,Engineering,3.21,Suspended,[],[]
134,Cynthia Martin,Mathematics,3.59,Good,[],[]
135,Joseph Lopez,Biology,2.89,Probation,[],[]
136,Shari Clay,Finance,2.04,Suspended,[],[]
137,Lydia Watkins,Computer Science,2.31,Probation,[],[]
138,Michael Johnson,Finance,3.73,Good,[],[]
139,Michael Rios,Finance,3.98,Suspended,[],[]
140,Robert Howard,Computer Science,2.64,Probation,[],[]
141,Janet Williams,Biology,2.46,Probation,[],[]
142,Derek Turner,Mathematics,3.5,Probation,[],[]
143,Amber Andrews,Engineering,3.95,Probation,[],[]
144,Anthony Vega,Finance,2.18,Good,[],[]
145,Charles Reed,Computer Science,3.46,Suspended,[],[]
146,Benjamin Acosta,Computer Science,3.27,Probation,[],[]
147,Brian Price,Mathematics,3.37,Suspended,[],[]
148,Jacqueline Collins,Finance,2.81,Probation,[],[]
149,Natalie Wright,Biology,3.4,Good,[],[]
150,Olivia Martin,Finance,3.31,Good,[],[]
151,Hannah Thomas,Mathematics,2.09,Suspended,[],[]
152,Jason Tucker,Mathematics,3.65,Good,[],[]
153,Terry Wolfe,Biology,2.99,Suspended,[],[]
154,Crystal Romero,Engineering,2.07,Probation,[],[]
155,Samantha Benson,Biology,3.2,Suspended,[],[]
156,Brandon Fitzpatrick,Engineering,4.0,Good,[],[]
157,Ann Mayer,Computer Science,2.4,Probation,[],[]
158,Diana Lewis,Mathematics,2.31,Good,[],[]
159,Mary Howard,Engineering,3.58,Good,[],[]
160,Amy Browning,Computer Science,3.73,Good,[],[]
161,Jessica Ritter,Computer Science,3.33,Suspended,[],[]
162,Mark Arroyo,Finance,2.48,Probation,[],[]
163,Sarah Cross,Biology,3.18,Suspended,[],[]
164,Scott Cannon,Mathematics,2.91,Good,[],[]
165,Keith Guzman,Computer Science,3.45,Probation,[],[]
166,Laura Welch,Computer Science,2.61,Suspended,[],[]
167,Melissa Anderson,Finance,3.91,Suspended,[],[]
168,Carol Holt,Computer Science,2.7,Suspended,[],[]
169,Jonathon Ramirez,Biology,2.63,Suspended,[],[]
170,Monique Boyle,Engineering,3.78,Probation,[],[]
171,Briana Benson,Mathematics,3.81,Suspended,[],[]
172,Beth Johnson,Engineering,2.31,Probation,[],[]
173,Randall Zimmerman,Biology,3.18,Probation,[],[]
174,Holly Harris,Engineering,3.55,Probation,[],[]
175,Frederick Bennett,Engineering,3.03,Good,[],[]
176,Sandra Crane,Biology,3.26,Good,[],[]
177,Dennis Martin,Biology,2.53,Probation,[],[]
178,Nicholas Long,Computer Science,3.53,Suspended,[],[]
179,Mrs. Lori Sanders MD,Biology,3.07,Suspended,[],[]
180,Jason Pena,Engineering,3.46,Good,[],[]
181,Regina Lee,Engineering,2.82,Good,[],[]
182,Jeffery Washington,Engineering,2.28,Probation,[],[]
183,Angela Price,Biology,2.95,Probation,[],[]
184,Rebecca Cox,Biology,3.33,Good,[],[]
185,Sandra Brennan,Engineering,2.23,Probation,[],[]
186,Carolyn Shaw,Mathematics,3.84,Suspended,[],[]
187,Michelle Scott,Engineering,2.64,Suspended,[],[]
188,Dawn Gray,Computer Science,2.45,Probation,[],[]
189,Kevin Hughes,Biology,3.92,Suspended,[],[]
190,Roy Juarez,Finance,2.14,Suspended,[],[]
191,Teresa Johnson,Mathematics,2.03,Suspended,[],[]
192,David Miller DDS,Computer Science,2.58,Suspended,[],[]
193,Nicholas Owens,Biology,2.67,Suspended,[],[]
194,Kenneth Price,Biology,3.88,Probation,[],[]
195,Shannon Gilmore,Mathematics,3.09,Suspended,[],[]
196,Gregory Sanchez,Finance,2.36,Suspended,[],[]
197,Kayla Davis,Finance,2.91,Good,[],[]
198,Cheryl Johnson,Mathematics,2.65,Probation,[],[]
199,Michael Robertson,Computer Science,4.0,Good,[],[]
200,Leah Walker,Computer Science,2.69,Good,[],[]
201,Amanda Jones,Computer Science,3.46,Probation,[],[]
202,Charles Combs,Engineering,2.57,Probation,[],[]
203,Catherine Krause,Mathematics,3.74,Good,[],[]
204,Laura Little,Mathematics,3.32,Good,[],[]
205,Ashley Foster,Computer Science,2.91,Probation,[],[]
206,Jaime Hernandez,Computer Science,2.32,Probation,[],[]
207,Jose Coleman,Computer Science,3.12,Probation,[],[]
208,William Perkins,Finance,3.77,Probation,[],[]
209,Michaela Olson,Computer Science,3.92,Suspended,[],[]
210,Michael Shaw,Computer Science,3.09,Good,[],[]
211,Michael Davis,Biology,3.38,Good,[],[]
212,Julie Francis,Mathematics,2.45,Good,[],[]
213,Ashley Brown,Biology,2.64,Probation,[],[]
214,Amber Lester,Finance,3.54,Probation,[],[]
215,Tyler Sutton,Mathematics,2.8,Good,[],[]
216,Jeffrey Bray,Finance,3.85,Probation,[],[]
217,Brittany Khan,Engineering,3.0,Suspended,[],[]
218,Jake Padilla,Engineering,2.98,Good,[],[]
219,Susan Hall,Engineering,3.04,Suspended,[],[]
220,Colin Lutz,Computer Science,2.87,Probation,[],[]
221,Robin Stafford,Engineering,2.25,Suspended,[],[]
222,Timothy Ford,Mathematics,2.81,Suspended,[],[]
223,Mark Bradford,Computer Science,3.65,Good,[],[]
224,Peter Washington,Finance,3.66,Good,[],[]
225,Jeff Lewis,Engineering,3.44,Probation,[],[]
226,Martin Yang,Computer Science,3.44,Suspended,[],[]
227,Mr. Carlos Yoder,Finance,3.06,Probation,[],[]
228,Sarah Kaiser,Finance,3.36,Good,[],[]
229,Jennifer Madden,Computer Science,3.07,Good,[],[]
230,Jason Green,Finance,2.58,Probation,[],[]
231,Meghan Delgado,Engineering,2.24,Good,[],[]
232,Michael Armstrong,Engineering,3.16,Suspended,[],[]
233,Christina Bell,Biology,3.61,Probation,[],[]
234,Robert Jenkins,Engineering,2.95,Suspended,[],[]
235,Michelle Lutz,Mathematics,2.51,Good,[],[]
236,Denise Hamilton,Mathematics,3.11,Good,[],[]
237,Justin Turner,Finance,3.82,Good,[],[]
238,Tina Barber,Engineering,3.04,Probation,[],[]
239,Lisa Fox,Mathematics,3.38,Probation,[],[]
240,Christopher Adams,Finance,3.21,Good,[],[]
241,Patricia Estrada,Engineering,3.44,Good,[],[]
242,Karen Kelly,Biology,2.51,Suspended,[],[]
243,Bethany Lambert,Finance,3.95,Probation,[],[]
244,Brandon Morgan,Finance,2.41,Suspended,[],[]
245,Charles Steele,Finance,3.58,Probation,[],[]
246,Tammy Taylor,Biology,2.74,Suspended,[],[]
247,Nancy Munoz,Mathematics,3.19,Probation,[],[]
248,Sarah Chambers,Biology,3.55,Good,[],[]
249,Robert Castro,Computer Science,3.5,Suspended,[],[]
250,Nathaniel Johnson,Computer Science,2.01,Good,[],[]
251,Lisa Davis,Computer Science,3.68,Probation,[],[]
252,Daniel Phillips,Engineering,2.23,Good,[],[]
253,Michelle Marsh,Biology,3.69,Probation,[],[]
254,Joanna Adams,Finance,2.37,Probation,[],[]
255,Benjamin Luna,Engineering,3.25,Good,[],[]
256,Norman Macias,Computer Science,3.36,Probation,[],[]
257,Derek Warren,Finance,3.34,Good,[],[]
258,Christopher Martinez,Finance,3.23,Probation,[],[]
259,Chad Mckenzie,Mathematics,2.22,Probation,[],[]
260,Colleen Hall,Finance,2.47,Suspended,[],[]
261,Tamara Smith,Computer Science,3.71,Probation,[],[]
262,Jason Diaz,Biology,3.88,Suspended,[],[]
263,Vincent Patterson,Biology,3.99,Suspended,[],[]
264,Ashley Mitchell,Biology,3.75,Good,[],[]
265,Brandon Wright,Engineering,3.04,Probation,[],[]
266,Daniel Aguilar,Finance,3.66,Suspended,[],[]
267,David Lucero,Biology,3.76,Good,[],[]
268,Mitchell Lee,Finance,2.96,Suspended,[],[]
269,Janice Jenkins,Mathematics,3.13,Good,[],[]
270,Christy Park,Finance,2.72,Good,[],[]
271,Nathan Oconnell,Finance,3.31,Good,[],[]
272,Douglas Taylor,Finance,2.05,Probation,[],[]
273,Kathryn Alvarado,Computer Science,2.97,Good,[],[]
274,Michael Cunningham IV,Engineering,2.11,Good,[],[]
275,Dana Williams,Finance,3.13,Probation,[],[]
276,Jennifer Watson,Engineering,3.35,Probation,[],[]
277,Margaret Garcia,Biology,2.93,Suspended,[],[]
278,Cynthia Walsh,Biology,2.69,Suspended,[],[]
279,Michael Wilcox,Biology,3.78,Probation,[],[]
280,Michael Smith,Biology,2.46,Good,[],[]
281,Michael Walker,Biology,3.37,Suspended,[],[]
282,Christopher Griffin,Biology,2.63,Good,[],[]
283,Timothy Parker,Finance,2.62,Suspended,[],[]
284,Sophia Hendricks,Biology,3.63,Good,[],[]
285,Gabrielle Blanchard,Computer Science,2.88,Probation,[],[]
286,Amanda Clark,Biology,3.5,Good,[],[]
287,Cindy Dickson,Mathematics,2.57,Good,[],[]
288,Travis Mckee,Biology,3.25,Suspended,[],[]
289,Maurice Page,Computer Science,2.45,Suspended,[],[]
290,Katherine Tucker,Computer Science,2.4,Probation,[],[]
291,Monica Navarro,Finance,2.95,Probation,[],[]
292,Robert Woods,Finance,3.04,Suspended,[],[]
293,Marcus Reyes,Finance,3.09,Good,[],[]
294,Gregory White,Finance,2.51,Probation,[],[]
295,Donna Davies,Finance,2.01,Good,[],[]
296,Jacob Mullen,Biology,2.48,Good,[],[]
297,Lauren Wu,Finance,3.71,Probation,[],[]
298,Brady Anderson,Biology,3.33,Probation,[],[]
299,Connor Mcgee,Engineering,3.45,Good,[],[]
300,Johnny Myers,Finance,3.28,Probation,[],[]
301,Sarah Lin,Computer Science,2.39,Suspended,[],[]
302,Micheal Wolfe,Engineering,3.22,Suspended,[],[]
303,Lori Lee,Computer Science,3.01,Good,[],[]
304,Justin Johnson,Mathematics,3.88,Suspended,[],[]
305,Sonya Lee,Finance,2.4,Suspended,[],[]
306,Stacie Murray,Engineering,2.5,Suspended,[],[]
307,Sean Willis,Computer Science,2.31,Suspended,[],[]
308,Tamara Mccoy,Computer Science,2.09,Good,[],[]
309,Patricia Pierce,Computer Science,2.5,Good,[],[]
310,Steven Mcconnell,Computer Science,3.15,Good,[],[]
311,Kurt Mack,Biology,3.55,Probation,[],[]
312,Michael Johnson,Biology,3.9,Suspended,[],[]
313,Denise Salinas MD,Engineering,3.47,Probation,[],[]
314,Olivia Pena,Computer Science,3.12,Good,[],[]
315,Katherine Anderson,Engineering,3.89,Suspended,[],[]
316,Brooke Williams,Finance,2.16,Probation,[],[]
317,Patrick Whitney,Finance,2.28,Suspended,[],[]
318,David Yoder,Biology,2.36,Probation,[],[]
319,Kristin Stewart,Biology,3.71,Good,[],[]
320,Seth Carey,Finance,2.94,Suspended,[],[]
321,Stephanie Simmons,Mathematics,2.29,Suspended,[],[]
322,John Hernandez,Engineering,3.76,Suspended,[],[]
323,Stephen Perez,Mathematics,3.6,Suspended,[],[]
324,Amanda Martin,Mathematics,3.89,Suspended,[],[]
325,Katie Castro,Engineering,3.09,Probation,[],[]
326,Deborah Mullins,Engineering,3.59,Good,[],[]
327,Kenneth Cook,Computer Science,2.56,Good,[],[]
328,Betty Stephens,Computer Science,3.99,Probation,[],[]
329,Tiffany Perez,Computer Science,2.64,Probation,[],[]
330,Paul Howe,Biology,2.37,Good,[],[]
331,Julie Smith,Mathematics,2.99,Suspended,[],[]
332,Jennifer Padilla,Computer Science,3.28,Suspended,[],[]
333,Carol Alvarez,Mathematics,3.38,Good,[],[]
334,Angela Daniel,Finance,2.02,Probation,[],[]
335,Catherine Gonzalez,Finance,2.94,Probation,[],[]
336,Beth Herring,Finance,2.87,Probation,[],[]
337,Matthew Kane,Finance,3.09,Probation,[],[]
338,Ashley Ramirez,Finance,2.62,Probation,[],[]
339,Douglas Abbott,Engineering,2.33,Suspended,[],[]
340,Megan Vaughn,Biology,3.36,Good,[],[]
341,Donna Crane,Computer Science,2.8,Probation,[],[]
342,Jenny Martin,Computer Science,3.64,Suspended,[],[]
343,Jacob Cross,Engineering,2.3,Suspended,[],[]
344,Cindy Miller,Computer Science,2.36,Probation,[],[]
345,Ronald Johnson,Finance,3.34,Probation,[],[]
346,Michael Durham,Finance,3.09,Probation,[],[]
347,Joshua Wright,Finance,2.24,Probation,[],[]
348,Elizabeth Jones,Finance,2.81,Suspended,[],[]
349,Mark Jenkins,Finance,3.07,Probation,[],[]
350,Bryan Rodriguez,Biology,2.1,Suspended,[],[]
351,Julie Hudson,Engineering,3.14,Suspended,[],[]
352,Leon Woods,Engineering,3.36,Suspended,[],[]
353,Mark Brady,Computer Science,3.61,Good,[],[]
354,Ashley Greene PhD,Mathematics,2.45,Suspended,[],[]
355,Susan Russell,Biology,2.18,Good,[],[]
356,Heather Thomas,Mathematics,2.88,Suspended,[],[]
357,Richard Lawrence,Computer Science,3.78,Probation,[],[]
358,Amber Meyer,Finance,3.2,Probation,[],[]
359,Debbie Payne,Mathematics,3.96,Probation,[],[]
360,Donna Lee,Mathematics,2.98,Suspended,[],[]
361,Tiffany Lopez,Mathematics,3.85,Suspended,[],[]
362,Austin Miller,Computer Science,2.91,Suspended,[],[]
363,Tina Wright,Finance,2.43,Good,[],[]
364,Penny Howard,Mathematics,2.01,Good,[],[]
365,Mitchell Gordon,Engineering,2.69,Good,[],[]
366,Nicole Brooks,Engineering,2.89,Good,[],[]
367,Elizabeth Daniels,Computer Science,3.69,Probation,[],[]
368,Stephen Holden,Computer Science,2.26,Suspended,[],[]
369,James Kirby,Engineering,3.56,Suspended,[],[]
370,Deborah Richards,Computer Science,2.1,Good,[],[]
371,Lisa Forbes,Biology,3.71,Good,[],[]
372,Lauren Tucker,Finance,3.73,Good,[],[]
373,Zachary Castillo,Finance,3.8,Probation,[],[]
374,Amanda Franco,Biology,3.48,Probation,[],[]
375,Amanda Pratt,Mathematics,2.89,Suspended,[],[]
376,Nancy Mclaughlin,Mathematics,2.56,Probation,[],[]
377,Michelle Coleman,Mathematics,2.79,Probation,[],[]
378,Michelle Davis,Finance,2.72,Suspended,[],[]
379,Arthur Johnson,Biology,3.69,Good,[],[]
380,Amanda Rodriguez,Finance,3.77,Good,[],[]
381,Brandon Williams,Mathematics,2.73,Good,[],[]
382,Mary Clark,Engineering,2.6,Probation,[],[]
383,Karen Hawkins,Biology,2.46,Suspended,[],[]
384,Crystal Thompson,Finance,2.95,Probation,[],[]
385,James Jones,Engineering,3.11,Suspended,[],[]
386,Annette Hernandez,Engineering,3.43,Suspended,[],[]
387,Angela Blackburn,Biology,3.25,Probation,[],[]
388,Jason Williams,Mathematics,3.88,Good,[],[]
389,Justin Kim,Biology,3.33,Suspended,[],[]
390,Priscilla Nelson,Computer Science,2.68,Good,[],[]
391,Zachary Garcia,Mathematics,2.48,Good,[],[]
392,Dawn Brown,Engineering,4.0,Probation,[],[]
393,Kaitlyn Harris,Biology,2.84,Probation,[],[]
394,David Allen,Computer Science,3.27,Good,[],[]
395,Geoffrey Jenkins,Mathematics,3.02,Probation,[],[]
396,Phillip Cuevas,Computer Science,2.01,Good,[],[]
397,Dustin Bartlett,Engineering,2.85,Suspended,[],[]
398,Robert Oneal,Computer Science,3.15,Probation,[],[]
399,John Branch,Engineering,3.63,Suspended,[],[]
400,Gary Brown,Biology,2.34,Good,[],[]
401,Julie Woodard,Mathematics,2.26,Suspended,[],[]
402,Jennifer Castro,Mathematics,3.77,Good,[],[]
403,Gabrielle Vincent,Computer Science,3.08,Good,[],[]
404,Crystal Ballard,Mathematics,2.48,Probation,[],[]
405,Sandra Sweeney,Mathematics,3.48,Probation,[],[]
406,Susan Washington,Finance,2.13,Probation,[],[]
407,Cory Conrad,Engineering,2.23,Probation,[],[]
408,Michele Burke,Engineering,3.82,Probation,[],[]
409,Manuel Moore,Engineering,2.4,Suspended,[],[]
410,Jason Fleming,Mathematics,3.74,Probation,[],[]
411,Joseph Carter,Biology,2.02,Suspended,[],[]
412,Heather White,Biology,3.63,Probation,[],[]
413,Anna Hicks,Finance,3.08,Suspended,[],[]
414,Jennifer Ramirez,Engineering,2.15,Suspended,[],[]
415,David Leach,Computer Science,2.49,Suspended,[],[]
416,Brandon Brown,Engineering,3.59,Good,[],[]
417,Allison Foster,Biology,3.09,Suspended,[],[]
418,John Marshall,Computer Science,2.55,Probation,[],[]
419,Edwin Rivera,Biology,3.17,Good,[],[]
420,Benjamin Thomas,Computer Science,3.5,Good,[],[]
421,Diana Green,Mathematics,2.43,Suspended,[],[]
422,Tanya Swanson,Finance,3.35,Probation,[],[]
423,Harold Small,Mathematics,2.95,Probation,[],[]
424,Robert Guerrero,Engineering,3.04,Good,[],[]
425,Katrina Murphy,Engineering,2.9,Good,[],[]
426,John Pruitt,Computer Science,3.58,Probation,[],[]
427,Austin Blake,Engineering,3.83,Suspended,[],[]
428,Amy Rodriguez,Finance,2.58,Probation,[],[]
429,Christopher Bridges,Finance,2.33,Probation,[],[]
430,Margaret Frazier,Finance,3.92,Good,[],[]
431,Samuel Turner,Computer Science,2.65,Probation,[],[]
432,Diane Smith,Biology,3.92,Probation,[],[]
433,Sandra Williams,Finance,3.64,Probation,[],[]
434,Barbara Williams,Biology,3.88,Probation,[],[]
435,Nicole Pratt,Mathematics,3.74,Probation,[],[]
436,Mario Mcgee,Mathematics,3.74,Probation,[],[]
437,Robin Woodward,Biology,3.44,Suspended,[],[]
438,Samantha Lee,Mathematics,2.24,Good,[],[]
439,Amanda Jenkins,Finance,2.69,Good,[],[]
440,April Stein,Computer Science,3.03,Suspended,[],[]
441,Diane Banks,Computer Science,3.16,Probation,[],[]
442,Jennifer Levy,Finance,3.54,Probation,[],[]
443,Vincent Ball,Mathematics,3.82,Probation,[],[]
444,Victoria Ortiz,Engineering,2.55,Probation,[],[]
445,Tony Perez,Engineering,3.52,Probation,[],[]
446,Joseph Taylor,Biology,2.16,Probation,[],[]
447,Natalie Bowen,Computer Science,3.99,Probation,[],[]
448,James Flores,Finance,3.5,Suspended,[],[]
449,William Meadows,Mathematics,3.88,Probation,[],[]
450,Rhonda Clay,Finance,3.55,Good,[],[]
451,George Hahn,Finance,2.9,Suspended,[],[]
452,Joshua Smith,Biology,3.16,Suspended,[],[]
453,Regina Hutchinson,Mathematics,2.18,Good,[],[]
454,Kayla Warner,Computer Science,2.89,Good,[],[]
455,Chris Lopez,Engineering,2.04,Suspended,[],[]
456,Joseph Jacobs,Biology,2.05,Suspended,[],[]
457,Destiny Ayers,Finance,3.48,Suspended,[],[]
458,Christopher Page,Mathematics,2.35,Probation,[],[]
459,Dominique Anthony,Biology,2.07,Probation,[],[]
460,Susan Mclean,Engineering,2.22,Suspended,[],[]
461,Patricia Smith,Finance,2.75,Suspended,[],[]
462,Teresa Gibbs,Mathematics,3.65,Probation,[],[]
463,Amy Rodriguez,Mathematics,2.47,Probation,[],[]
464,Andrea Parsons,Engineering,2.26,Probation,[],[]
465,James Davidson,Engineering,3.49,Probation,[],[]
466,Natalie Calderon,Computer Science,3.34,Probation,[],[]
467,Evan Williams,Computer Science,2.49,Suspended,[],[]
468,Bonnie Walker,Engineering,3.25,Good,[],[]
469,Robert Young,Engineering,2.9,Probation,[],[]
470,Jonathan Richardson,Mathematics,2.01,Probation,[],[]
471,Crystal Little,Mathematics,3.9,Probation,[],[]
472,Jennifer Martinez,Biology,2.37,Good,[],[]
473,John Cox,Engineering,2.73,Probation,[],[]
474,Richard Lopez,Engineering,3.96,Suspended,[],[]
475,Danny Williams,Mathematics,3.49,Probation,[],[]
476,Annette Mills,Finance,3.6,Good,[],[]
477,James Brown,Computer Science,2.01,Probation,[],[]
478,Eileen Fowler,Mathematics,3.36,Probation,[],[]
479,Jordan Smith,Engineering,3.4,Good,[],[]
480,Christopher Sanchez,Mathematics,2.21,Suspended,[],[]
481,Diane Valdez,Engineering,3.37,Good,[],[]
482,Malik Fisher,Computer Science,3.74,Suspended,[],[]
483,Theresa Pearson,Biology,2.17,Good,[],[]
484,Jessica Vasquez,Finance,2.66,Probation,[],[]
485,Thomas Pierce,Mathematics,2.13,Good,[],[]
486,Ronald Bryant,Computer Science,3.13,Suspended,[],[]
487,Connie Patrick,Engineering,3.32,Good,[],[]
488,Christopher Hunt,Engineering,3.58,Probation,[],[]
489,Jeffrey Campos,Mathematics,2.7,Good,[],[]
490,Andrew Hester,Finance,2.66,Probation,[],[]
491,Christopher Hernandez,Mathematics,3.05,Probation,[],[]
492,Elizabeth Thompson,Computer Science,3.46,Probation,[],[]
493,Michelle Powell,Computer Science,3.55,Good,[],[]
494,Julie Young,Finance,3.87,Suspended,[],[]
495,Stacy Mack,Engineering,2.7,Good,[],[]
496,Justin Tucker,Biology,2.46,Probation,[],[]
497,Alicia Collins,Biology,2.82,Suspended,[],[]
498,Frank Clark,Engineering,3.11,Suspended,[],[]
499,Cheryl May,Engineering,2.9,Good,[],[]
500,Anna Gonzalez,Finance,2.63,Probation,[],[]
